Index,REF,"Preço V
€ Unit","Vendas
Unit","Vendas
€","Valor C
€ Unit",gr,"Compra
STK",Compras €,gr,cm,"STK
Atual Unit","STK
Atual  €","STK
Vendas €",FAM,image,Foto,Etiq.
1,PAN0001,€ 10.00,,€ 0.00,€ 5.18,,1,€ 5.18,,,1,€ 5.18,€ 10.00,PAN,IMG_7797.jpg,,ok
2,PAN0002,€ 10.00,1,€ 10.00,€ 5.18,,1,€ 5.18,,,0,€ 0.00,€ 0.00,PAN,IMG_7799.jpg,,ok
3,PAN0003,€ 10.00,1,€ 10.00,€ 5.18,,1,€ 5.18,,,0,€ 0.00,€ 0.00,PAN,IMG_7802.jpg,,ok
4,PAN0004,€ 10.00,,€ 0.00,€ 5.18,,1,€ 5.18,,,1,€ 5.18,€ 10.00,PAN,IMG_7803.jpg,,ok
5,PAN0005,€ 15.00,,€ 0.00,€ 7.77,,1,€ 7.77,,,1,€ 7.77,€ 15.00,PAN,IMG_7771.jpg,,ok
6,PAN0006,€ 15.00,,€ 0.00,€ 7.77,,1,€ 7.77,,,1,€ 7.77,€ 15.00,PAN,IMG_7772.jpg,,ok
7,PAN0007,€ 15.00,,€ 0.00,€ 7.77,,1,€ 7.77,,,1,€ 7.77,€ 15.00,PAN,IMG_7773.jpg,,ok
8,PAN0008,€ 15.00,,€ 0.00,€ 7.77,,1,€ 7.77,,,1,€ 7.77,€ 15.00,PAN,IMG_7774.jpg,,ok
9,PAN0009,€ 15.00,,€ 0.00,€ 7.77,,1,€ 7.77,,,1,€ 7.77,€ 15.00,PAN,IMG_7775.jpg,,ok
10,PAN0010,€ 15.00,,€ 0.00,€ 7.77,,1,€ 7.77,,,1,€ 7.77,€ 15.00,PAN,IMG_7778.jpg,,ok
11,PAN0011,€ 15.00,,€ 0.00,€ 7.77,,1,€ 7.77,,,1,€ 7.77,€ 15.00,PAN,IMG_7779.jpg,,ok
12,PAN0012,€ 15.00,,€ 0.00,€ 7.77,,1,€ 7.77,,,1,€ 7.77,€ 15.00,PAN,IMG_7780.jpg,,ok
13,PAN0013,€ 15.00,,€ 0.00,€ 7.77,,1,€ 7.77,,,1,€ 7.77,€ 15.00,PAN,IMG_7781.jpg,,ok
14,PAN0014,€ 15.00,,€ 0.00,€ 7.77,,1,€ 7.77,,,1,€ 7.77,€ 15.00,PAN,IMG_7782.jpg,,ok
15,PAN0015,€ 15.00,,€ 0.00,€ 7.77,,1,€ 7.77,,,1,€ 7.77,€ 15.00,PAN,IMG_7783.jpg,,ok
16,PAN0016,€ 15.00,1,€ 15.00,€ 7.77,,1,€ 7.77,,,0,€ 0.00,€ 0.00,PAN,IMG_7784.jpg,,ok
17,PAN0017,€ 15.00,,€ 0.00,€ 7.77,,1,€ 7.77,,,1,€ 7.77,€ 15.00,PAN,IMG_7786.jpg,,ok
18,PAN0018,€ 15.00,,€ 0.00,€ 7.77,,1,€ 7.77,,,1,€ 7.77,€ 15.00,PAN,IMG_7787.jpg,,ok
19,PAN0019,€ 30.00,,€ 0.00,€ 15.53,,1,€ 15.53,,,1,€ 15.53,€ 30.00,PAN,IMG_7789.jpg,,ok
20,PAN0020,€ 30.00,1,€ 30.00,€ 15.53,,1,€ 15.53,,,0,€ 0.00,€ 0.00,PAN,IMG_7791.jpg,,Tixa
21,PAN0021,€ 30.00,1,€ 30.00,€ 15.53,,1,€ 15.53,,,0,€ 0.00,€ 0.00,PAN,IMG_7792.jpg,,Joana
22,PAN0022,€ 30.00,,€ 0.00,€ 15.53,,1,€ 15.53,,,1,€ 15.53,€ 30.00,PAN,IMG_7793.jpg,,Dany
23,PAN0023,€ 30.00,1,€ 30.00,€ 15.53,,1,€ 15.53,,,0,€ 0.00,€ 0.00,PAN,IMG_7794.jpg,,Cady
24,PAN0024,€ 30.00,,€ 0.00,€ 15.53,,1,€ 15.53,,,1,€ 15.53,€ 30.00,PAN,IMG_7796.jpg,,ok
25,PAN0025,€ 30.00,,€ 0.00,€ 15.53,,1,€ 15.53,,,1,€ 15.53,€ 30.00,PAN,IMG_7804.jpg,,ok
26,PAN0026,€ 15.00,1,€ 15.00,€ 7.77,,1,€ 7.77,,,0,€ 0.00,€ 0.00,PAN,IMG_7805.jpg,,ok
27,PAN0027,€ 30.00,,€ 0.00,€ 15.53,,1,€ 15.53,,,1,€ 15.53,€ 30.00,PAN,IMG_7806.jpg,,ok
28,PAN0028,€ 30.00,,€ 0.00,€ 15.53,,1,€ 15.53,,,1,€ 15.53,€ 30.00,PAN,IMG_7807.jpg,,GONZAGA
29,PAN0029,€ 30.00,,€ 0.00,€ 15.53,,1,€ 15.53,,,1,€ 15.53,€ 30.00,PAN,IMG_7808.jpg,,ok
30,PAN0030,€ 15.00,,€ 0.00,,,1,,,,1,€ 0.00,€ 15.00,PAN,,,ok
31,PAN0031,€ 15.00,,€ 0.00,,,1,,,,1,€ 0.00,€ 15.00,PAN,,,ok
32,PAN0032,€ 15.00,,€ 0.00,,,1,,,,1,€ 0.00,€ 15.00,PAN,,,ok
33,PAN0033,€ 15.00,,€ 0.00,,,1,,,,1,€ 0.00,€ 15.00,PAN,,,ok
34,PAN0034,€ 15.00,,€ 0.00,,,1,,,,1,€ 0.00,€ 15.00,PAN,,,ok
35,PAN0035,€ 15.00,,€ 0.00,,,1,,,,1,€ 0.00,€ 15.00,PAN,,,ok
36,PAN0036,€ 15.00,,€ 0.00,,,1,,,,1,€ 0.00,€ 15.00,PAN,,,ok
37,PAN0037,€ 15.00,,€ 0.00,,,1,,,,1,€ 0.00,€ 15.00,PAN,,,ok
38,PAN0038,€ 15.00,,€ 0.00,,,1,,,,1,€ 0.00,€ 15.00,PAN,,,ok
39,PAN0039,€ 15.00,,€ 0.00,,,1,,,,1,€ 0.00,€ 15.00,PAN,,,ok
40,PAN0040,€ 15.00,,€ 0.00,,,1,,,,1,€ 0.00,€ 15.00,PAN,,,ok
41,PAN0041,€ 15.00,1,€ 15.00,,,1,,,,0,€ 0.00,€ 0.00,PAN,,,festa rita
42,PAN0042,€ 20.00,,€ 0.00,,,1,,,,1,€ 0.00,€ 20.00,PAN,,,ok
43,PAN0043,€ 15.00,,€ 0.00,,,1,,,,1,€ 0.00,€ 15.00,PAN,,,ok
44,PAN0044,€ 25.00,,€ 0.00,,,1,,,,1,€ 0.00,€ 25.00,PAN,,,
45,PAN0045,€ 25.00,,€ 0.00,,,1,,,,1,€ 0.00,€ 25.00,PAN,,,ok
46,PAN0046,€ 25.00,,€ 0.00,,,1,,,,1,€ 0.00,€ 25.00,PAN,,,ok
47,PAN0047,€ 30.00,,€ 0.00,,,1,,,,1,€ 0.00,€ 30.00,PAN,,,ok
48,PAN0048,€ 30.00,,€ 0.00,,,1,,,,1,€ 0.00,€ 30.00,PAN,,,ok
49,PAN0049,€ 30.00,,€ 0.00,,,1,,,,1,€ 0.00,€ 30.00,PAN,,,ok
50,PAN0050,€ 25.00,,€ 0.00,,,1,,,,1,€ 0.00,€ 25.00,PAN,,,ok
51,PAN0051,€ 30.00,,€ 0.00,,,1,,,,1,€ 0.00,€ 30.00,PAN,,,ok
52,PAN0052,€ 35.00,,€ 0.00,,,1,,,,1,€ 0.00,€ 35.00,PAN,,,ok
53,PAN0053,€ 35.00,,€ 0.00,,,1,,,,1,€ 0.00,€ 35.00,PAN,,,ok
54,PAN0054,€ 35.00,,€ 0.00,,,1,,,,1,€ 0.00,€ 35.00,PAN,,,ok
55,PAN0055,€ 35.00,,€ 0.00,,,1,,,,1,€ 0.00,€ 35.00,PAN,,,ok
56,PAN0056,€ 35.00,,€ 0.00,,,1,,,,1,€ 0.00,€ 35.00,PAN,,,ok
57,PAN0057,€ 35.00,,€ 0.00,,,1,,,,1,€ 0.00,€ 35.00,PAN,,,ok
58,PAN0058,€ 30.00,,€ 0.00,,,1,,,,1,€ 0.00,€ 30.00,PAN,,,ok
59,PAN0059,€ 30.00,1,€ 30.00,,,1,,,,0,€ 0.00,€ 0.00,PAN,,,ok
60,PAN0060,€ 35.00,,€ 0.00,,,1,,,,1,€ 0.00,€ 35.00,PAN,,,ok
61,PAN0061,€ 30.00,,€ 0.00,,,1,,,,1,€ 0.00,€ 30.00,PAN,,,ok
62,PAN0062,€ 35.00,,€ 0.00,,,1,,,,1,€ 0.00,€ 35.00,PAN,,,ok
63,PAN0063,€ 30.00,,€ 0.00,,,1,,,,1,€ 0.00,€ 30.00,PAN,,,ok
64,PAN0064,€ 30.00,,€ 0.00,,,1,,,,1,€ 0.00,€ 30.00,PAN,,,ok
65,PAN0065,€ 30.00,1,€ 30.00,,,1,,,,0,€ 0.00,€ 0.00,PAN,,,ok
66,PAN0066,€ 50.00,,€ 0.00,,,1,,,,1,€ 0.00,€ 50.00,PAN,,,ok
67,PAN0067,€ 50.00,,€ 0.00,,,1,,,,1,€ 0.00,€ 50.00,PAN,,,ok
68,PAN0068,€ 50.00,,€ 0.00,,,1,,,,1,€ 0.00,€ 50.00,PAN,,,ok
69,PAN0069,,,€ 0.00,,,1,,,,1,€ 0.00,€ 0.00,PAN,,,ok
70,PAN0070,€ 30.00,1,€ 30.00,,,1,,,,0,€ 0.00,€ 0.00,PAN,,,festa rita
71,PAN0071,€ 15.00,,€ 0.00,,,1,,,,1,€ 0.00,€ 15.00,PAN,,,ok
72,PAN0072,€ 25.00,,€ 0.00,,,1,,,,1,€ 0.00,€ 25.00,PAN,,,ok
73,PAN0073,€ 15.00,,€ 0.00,,,1,,,,1,€ 0.00,€ 15.00,PAN,,,ok
74,PAN0074,,,€ 0.00,,,1,,,,,,,PAN,,,
75,PAN0075,,,€ 0.00,,,1,,,,,,,PAN,,,
76,PPB0001,€ 10.00,,€ 0.00,€ 5.18,,1,€ 5.18,,,1,€ 5.18,€ 10.00,PPB,IMG_7838.jpg,,
77,PPB0002,€ 10.00,,€ 0.00,€ 5.18,,1,€ 5.18,,,1,€ 5.18,€ 10.00,PPB,IMG_7839.jpg,,
78,PPB0003,€ 10.00,,€ 0.00,€ 5.18,,1,€ 5.18,,,1,€ 5.18,€ 10.00,PPB,IMG_7842.jpg,,
79,PPB0004,€ 10.00,,€ 0.00,€ 5.18,,1,€ 5.18,,,1,€ 5.18,€ 10.00,PPB,IMG_7843.jpg,,
80,PPB0005,€ 10.00,,€ 0.00,€ 5.18,,1,€ 5.18,,,1,€ 5.18,€ 10.00,PPB,IMG_7844.jpg,,
81,PPB0006,€ 15.00,,€ 0.00,€ 7.77,,1,€ 7.77,,,1,€ 7.77,€ 15.00,PPB,IMG_7847.jpg,,
82,PPB0007,€ 15.00,,€ 0.00,€ 7.77,,1,€ 7.77,,,1,€ 7.77,€ 15.00,PPB,IMG_7848.jpg,,
83,PPB0008,€ 15.00,,€ 0.00,€ 7.77,,1,€ 7.77,,,1,€ 7.77,€ 15.00,PPB,IMG_7849.jpg,,
84,PPB0009,€ 15.00,,€ 0.00,€ 7.77,,1,€ 7.77,,,1,€ 7.77,€ 15.00,PPB,IMG_7850.jpg,,
85,PPB0010,€ 15.00,,€ 0.00,€ 7.77,,1,€ 7.77,,,1,€ 7.77,€ 15.00,PPB,IMG_7851.jpg,,
86,PPB0011,€ 15.00,,€ 0.00,€ 7.77,,1,€ 7.77,,,1,€ 7.77,€ 15.00,PPB,IMG_7852.jpg,,
87,PPB0012,€ 15.00,,€ 0.00,€ 7.77,,1,€ 7.77,,,1,€ 7.77,€ 15.00,PPB,IMG_7853.jpg,,
88,PPB0013,€ 15.00,,€ 0.00,€ 7.77,,1,€ 7.77,,,1,€ 7.77,€ 15.00,PPB,IMG_7854.jpg,,
89,PPB0014,€ 15.00,,€ 0.00,€ 7.77,,1,€ 7.77,,,1,€ 7.77,€ 15.00,PPB,IMG_7855.jpg,,
90,PPB0015,€ 15.00,,€ 0.00,€ 7.77,,1,€ 7.77,,,1,€ 7.77,€ 15.00,PPB,IMG_7856.jpg,,
91,PPB0016,€ 15.00,,€ 0.00,€ 7.77,,1,€ 7.77,,,1,€ 7.77,€ 15.00,PPB,IMG_7857.jpg,,
92,PPB0017,€ 15.00,,€ 0.00,€ 7.77,,1,€ 7.77,,,1,€ 7.77,€ 15.00,PPB,IMG_7860.jpg,,
93,PPB0018,€ 20.00,,€ 0.00,€ 10.35,,1,€ 10.35,,,1,€ 10.35,€ 20.00,PPB,IMG_7858.jpg,,
94,PPB0019,€ 20.00,,€ 0.00,€ 10.35,,1,€ 10.35,,,1,€ 10.35,€ 20.00,PPB,IMG_7859.jpg,,
95,PPB0020,€ 20.00,1,€ 20.00,€ 10.35,,1,€ 10.35,,,0,€ 0.00,€ 0.00,PPB,IMG_7835.jpg,,Martinha
96,PPB0021,€ 20.00,,€ 0.00,€ 10.35,,1,€ 10.35,,,1,€ 10.35,€ 20.00,PPB,IMG_7836.jpg,,
97,PPB0022,€ 20.00,,€ 0.00,€ 10.35,,1,€ 10.35,,,1,€ 10.35,€ 20.00,PPB,IMG_7837.jpg,,
98,PPB0023,€ 35.00,,€ 0.00,€ 18.12,,1,€ 18.12,,,1,€ 18.12,€ 35.00,PPB,IMG_7830.jpg,,
99,PPB0024,€ 35.00,1,€ 35.00,€ 18.12,,1,€ 18.12,,,0,€ 0.00,€ 0.00,PPB,IMG_7831.jpg,,festa Rita
100,PPB0025,€ 40.00,,€ 0.00,€ 20.71,,1,€ 20.71,,,1,€ 20.71,€ 40.00,PPB,IMG_7826.jpg,,
101,PPB0026,€ 20.00,,€ 0.00,,,1,,,,1,€ 0.00,€ 20.00,PPB,,,
102,PPB0027,€ 25.00,1,€ 25.00,,,2,,,,1,€ 0.00,€ 25.00,PPB,,,
103,PPB0028,€ 25.00,,€ 0.00,,,1,,,,1,€ 0.00,€ 25.00,PPB,,,
104,PPB0029,€ 25.00,,€ 0.00,,,1,,,,1,€ 0.00,€ 25.00,PPB,,,
105,PPB0030,€ 25.00,1,€ 25.00,,,1,,,,0,€ 0.00,€ 0.00,PPB,,,festa rita
106,PPB0031,€ 30.00,,€ 0.00,,,1,,,,1,€ 0.00,€ 30.00,PPB,,,
107,PPB0032,€ 35.00,,€ 0.00,,,1,,,,1,€ 0.00,€ 35.00,PPB,,,
108,PPB0033,€ 40.00,,€ 0.00,,,1,,,,1,€ 0.00,€ 40.00,PPB,,,
109,PPU0001,€ 180.00,,€ 0.00,€ 93.18,,1,€ 93.18,,,1,€ 93.18,€ 180.00,PPU,1.jpeg,,Gonzaga
110,PPU0002,€ 180.00,,€ 0.00,€ 93.18,,1,€ 93.18,,,1,€ 93.18,€ 180.00,PPU,6.jpeg,,ok
111,PPU0003,€ 55.00,,€ 0.00,€ 28.47,,1,€ 28.47,,,1,€ 28.47,€ 55.00,PPU,90.jpeg,,ok
112,PPU0004,€ 190.00,1,€ 190.00,€ 98.36,,1,€ 98.36,,,0,€ 0.00,€ 0.00,PPU,11.jpeg,,Goncalo Acores
113,PPU0005,€ 40.00,,€ 0.00,€ 20.71,,1,€ 20.71,,,1,€ 20.71,€ 40.00,PPU,10.jpeg,,ok
114,PPU0006,€ 140.00,,€ 0.00,€ 62.12,,1,€ 62.12,49,,1,€ 62.12,€ 140.00,PPU,20.jpeg,,ok
115,PPU0007,€ 130.00,1,€ 130.00,€ 67.30,,1,€ 67.30,,,0,€ 0.00,€ 0.00,PPU,24.jpeg,,Pixie
116,PPU0008,€ 35.00,,€ 0.00,€ 23.30,,1,€ 23.30,,,1,€ 23.30,€ 35.00,PPU,28.jpeg,,ok
117,PPU0009,€ 20.00,,€ 0.00,€ 10.35,,1,€ 10.35,,,1,€ 10.35,€ 20.00,PPU,21.jpeg,,ok
118,PPU0010,€ 30.00,,€ 0.00,€ 15.53,,1,€ 15.53,,,1,€ 15.53,€ 30.00,PPU,31.jpeg,,ok
119,PPU0011,€ 30.00,,€ 0.00,€ 20.71,,1,€ 20.71,,,1,€ 20.71,€ 30.00,PPU,35.jpeg,,reparacao
120,PPU0012,€ 35.00,,€ 0.00,€ 20.71,,1,€ 20.71,,,1,€ 20.71,€ 35.00,PPU,40.jpeg,,ok
121,PPU0013,€ 35.00,,€ 0.00,€ 18.12,,1,€ 18.12,,,1,€ 18.12,€ 35.00,PPU,32.jpeg,,ok
122,PPU0014,€ 55.00,,€ 0.00,€ 28.47,,1,€ 28.47,,,1,€ 28.47,€ 55.00,PPU,43.jpeg,,ok
123,PPU0015,€ 40.00,,€ 0.00,€ 20.71,,1,€ 20.71,,,1,€ 20.71,€ 40.00,PPU,48.jpeg,,ok
124,PPU0016,€ 60.00,1,€ 60.00,€ 38.83,,1,€ 38.83,,,0,€ 0.00,€ 60.00,PPU,51.jpeg,,ok
125,PPU0017,€ 60.00,,€ 0.00,€ 31.06,,1,€ 31.06,,,1,€ 31.06,€ 60.00,PPU,44.jpeg,,ok
126,PPU0018,€ 130.00,1,€ 130.00,€ 62.12,,1,€ 62.12,,,0,€ 0.00,€ 0.00,PPU,60.jpeg,,ok
127,PPU0019,€ 60.00,,€ 0.00,€ 31.06,,1,€ 31.06,,,1,€ 31.06,€ 60.00,PPU,64.jpeg,,Dany
128,PPU0020,€ 60.00,,€ 0.00,€ 31.06,,1,€ 31.06,,,1,€ 31.06,€ 60.00,PPU,69.jpeg,,ok
129,PPU0021,€ 40.00,,€ 0.00,€ 20.71,,1,€ 20.71,,,1,€ 20.71,€ 40.00,PPU,71.jpeg,,ok
130,PPU0022,€ 20.00,1,€ 20.00,€ 10.35,,1,€ 10.35,,,0,€ 0.00,€ 0.00,PPU,74.jpeg,,Beta
131,PPU0023,€ 35.00,,€ 0.00,€ 18.12,,1,€ 18.12,,,1,€ 18.12,€ 35.00,PPU,78.jpeg,,ok
132,PPU0024,€ 30.00,,€ 0.00,€ 15.53,,1,€ 15.53,,,1,€ 15.53,€ 30.00,PPU,80.jpeg,,ok
133,PPU0025,€ 37.50,,€ 0.00,€ 19.41,,1,€ 19.41,,,1,€ 19.41,€ 37.50,PPU,82.jpeg,,ok
134,PPU0026,€ 70.00,,€ 0.00,€ 36.24,,1,€ 36.24,,,1,€ 36.24,€ 70.00,PPU,84.jpeg,,ok
135,PPU0027,€ 65.00,,€ 0.00,€ 33.65,,1,€ 33.65,,,1,€ 33.65,€ 65.00,PPU,87.jpeg,,ok
136,PVO0001,€ 20.00,1,€ 20.00,€ 10.35,,1,€ 10.35,,,0,€ 0.00,€ 0.00,PVO,94.jpeg,,
137,PPU0000,€ 75.00,1,€ 75.00,€ 38.83,,1,€ 38.83,,,0,€ 0.00,€ 0.00,PPU,puls1.jpeg,,Cascalhais
138,PPU0028,€ 110.00,,€ 0.00,,36.0,1,€ 0.00,36.0,21.0,1,€ 0.00,€ 110.00,PPU,,,ok
139,PPU0029,€ 110.00,,€ 0.00,,34.0,1,€ 0.00,34.0,20.5,1,€ 0.00,€ 110.00,PPU,,,ok
140,PPU0030,€ 125.00,,€ 0.00,,41.0,1,€ 0.00,41.0,19.0,1,€ 0.00,€ 125.00,PPU,,,ok
141,PPU0031,€ 135.00,,€ 0.00,,43.0,2,€ 0.00,43.0,20.0,2,€ 0.00,€ 270.00,PPU,,,ok
142,PPU0032,€ 135.00,1,€ 135.00,,45.0,1,€ 0.00,45.0,20.0,0,€ 0.00,€ 0.00,PPU,,,ok
143,PPU0033,€ 135.00,,€ 0.00,,45.0,1,€ 0.00,45.0,21.0,1,€ 0.00,€ 135.00,PPU,,,ok
144,PPU0034,€ 135.00,,€ 0.00,,46.0,1,,46.0,21.5,1,€ 0.00,€ 135.00,PPU,,,
145,PPU0035,€ 140.00,,€ 0.00,,46.0,1,,46.0,20.5,1,€ 0.00,€ 140.00,PPU,,,ok
146,PPU0036,€ 15.00,,€ 0.00,,45752,2,,45752,19.0,2,€ 0.00,€ 30.00,PPU,,,ok
147,PPU0037,€ 180.00,1,€ 180.00,,60.0,1,,60.0,21.0,0,€ 0.00,€ 0.00,PPU,,,Baleia deve
148,PPU0038,€ 185.00,,€ 0.00,,62.0,1,,62.0,20.0,1,€ 0.00,€ 185.00,PPU,,,dany
149,PPU0039,€ 20.00,1,€ 20.00,,6.0,1,,6.0,20.0,0,€ 0.00,€ 0.00,PPU,,,Marta
150,PPU0040,€ 20.00,,€ 0.00,,7.0,1,,7.0,18.0,1,€ 0.00,€ 20.00,PPU,,,ok
151,PPU0041,€ 25.00,,€ 0.00,,8.0,2,,8.0,18.0,2,€ 0.00,€ 50.00,PPU,,,ok
152,PPU0042,€ 25.00,,€ 0.00,,8.0,1,,8.0,20.0,1,€ 0.00,€ 25.00,PPU,,,ok
153,PPU0043,€ 30.00,,€ 0.00,,10.0,1,,10.0,19.0,1,€ 0.00,€ 30.00,PPU,,,ok
154,PPU0044,€ 30.00,,€ 0.00,,10.0,1,,10.0,20.0,1,€ 0.00,€ 30.00,PPU,,,ok
155,PPU0045,€ 30.00,,€ 0.00,,10.0,1,,10.0,20.0,1,€ 0.00,€ 30.00,PPU,,,ok
156,PPU0046,€ 30.00,1,€ 30.00,,10.0,1,,10.0,22.0,0,€ 0.00,€ 0.00,PPU,,,Festa Rita
157,PPU0047,€ 30.00,,€ 0.00,,9.0,1,,9.0,17.0,1,€ 0.00,€ 30.00,PPU,,,ok
158,PPU0048,€ 30.00,,€ 0.00,,9.0,1,,9.0,20.0,1,€ 0.00,€ 30.00,PPU,,,ok
159,PPU0049,€ 30.00,,€ 0.00,,9.0,1,,9.0,20.0,1,€ 0.00,€ 30.00,PPU,,,ok
160,PPU0050,€ 30.00,,€ 0.00,,9.0,1,,9.0,20.0,1,€ 0.00,€ 30.00,PPU,,,ok
161,PPU0051,€ 30.00,1,€ 30.00,,12.0,1,,12.0,18.5,0,€ 0.00,€ 0.00,PPU,,,Festa Rita
162,PPU0052,€ 35.00,,€ 0.00,,12.0,1,,12.0,19.0,1,€ 0.00,€ 35.00,PPU,,,ok
163,PPU0053,€ 40.00,,€ 0.00,,12.0,1,,12.0,20.0,1,€ 0.00,€ 40.00,PPU,,,ok
164,PPU0054,€ 30.00,,€ 0.00,,13.0,1,,9,,1,€ 0.00,€ 30.00,PPU,,,ok
165,PPU0055,€ 40.00,,€ 0.00,,13.0,1,,13.0,19.0,1,€ 0.00,€ 40.00,PPU,,,ok
166,PPU0056,€ 40.00,,€ 0.00,,13.0,1,,13.0,20.0,1,€ 0.00,€ 40.00,PPU,,,ok
167,PPU0057,€ 40.00,,€ 0.00,,13.0,1,,13.0,22.0,1,€ 0.00,€ 40.00,PPU,,,ok
168,PPU0058,€ 90.00,,€ 0.00,,29.0,1,,29.0,20.5,1,€ 0.00,€ 90.00,PPU,,,ok
169,PPU0059,€ 40.00,,€ 0.00,,,1,,14,19,1,€ 0.00,€ 40.00,PPU,,,
170,PPU0060,€ 75.00,,€ 0.00,,,1,,,,1,€ 0.00,€ 75.00,PPU,,,
171,PPU0061,€ 60.00,,€ 0.00,,,1,,,,1,€ 0.00,€ 60.00,PPU,,,
172,PPU0062,€ 40.00,,€ 0.00,,,1,,,,1,€ 0.00,€ 40.00,PPU,,,
173,PPU0063,€ 60.00,1,€ 60.00,,,1,,,,0,€ 0.00,€ 0.00,PPU,,,
174,PPU0064,€ 60.00,,€ 0.00,,,1,,,,1,€ 0.00,€ 60.00,PPU,,,
175,PPU0065,€ 25.00,,€ 0.00,,,1,,,,1,€ 0.00,€ 25.00,PPU,,,
176,PPU0066,€ 60.00,,€ 0.00,,,1,,,,1,€ 0.00,€ 60.00,PPU,,,
177,PPU0067,€ 15.00,,€ 0.00,,,1,,,,1,€ 0.00,€ 15.00,PPU,,,
178,PPU0068,€ 15.00,,€ 0.00,,,1,,,,1,€ 0.00,€ 15.00,PPU,,,
179,PPU0069,€ 10.00,,€ 0.00,,,2,,,,2,€ 0.00,€ 20.00,PPU,,,
180,PPU0070,€ 10.00,,€ 0.00,,,1,,,,1,€ 0.00,€ 10.00,PPU,,,
181,PPU0071,€ 10.00,,€ 0.00,,,1,,,,1,€ 0.00,€ 10.00,PPU,,,
182,PVO0001,€ 160.00,,€ 0.00,,,1,,,,1,€ 0.00,€ 160.00,PVO,,,
183,PVO0002,€ 150.00,1,€ 150.00,,,1,,,,0,€ 0.00,€ 0.00,PVO,,,
184,PVO0003,€ 30.00,,€ 0.00,,,1,,,,1,€ 0.00,€ 30.00,PVO,,,
185,PVO0004,€ 30.00,,€ 0.00,,,2,,,,2,€ 0.00,€ 60.00,PVO,,,
186,PVO0005,€ 50.00,,€ 0.00,,,1,,,,1,€ 0.00,€ 50.00,PVO,,,
187,PVO0006,€ 10.00,,€ 0.00,,,1,,,,1,€ 0.00,€ 10.00,PVO,,,
188,PVO0007,€ 15.00,,€ 0.00,,,2,,,,2,€ 0.00,€ 30.00,PVO,,,
189,PVO0008,€ 30.00,,€ 0.00,,,1,,,,1,€ 0.00,€ 30.00,PVO,,,
,,,,,,,,,,,,,,,,,
,,,,,,,,,,,,,,,,,
,,,,,,,,,,,,,,,,,
,,,,,,,,,,,,,,,,,
,,,,,,,,,,,,,,,,,
,,,,,,,,,,,,,,,,,
,,,,,,,,,,,,,,,,,
,,,,,,,,,,,,,,,,,
,,,,,,,,,,,,,,,,,
,,,,,,,,,,,,,,,,,
,,,,,,,,,,,,,,,,,
,,,,,,,,,,,,,,,,,
,,,,,,,,,,,,,,,,,
,,,,,,,,,,,,,,,,,
,,,,,,,,,,,,,,,,,
,,,,,,,,,,,,,,,,,
,,,,,,,,,,,,,,,,,
,,,,,,,,,,,,,,,,,
,,,,,,,,,,,,,,,,,
,,,,,,,,,,,,,,,,,
,,,,,,,,,,,,,,,,,
,,,,,,,,,,,,,,,,,
,,,,,,,,,,,,,,,,,
,,,,,,,,,,,,,,,,,
,,,,,,,,,,,,,,,,,
,,,,,,,,,,,,,,,,,
,,,,,,,,,,,,,,,,,
,,,,,,,,,,,,,,,,,
,,,,,,,,,,,,,,,,,
,,,,,,,,,,,,,,,,,
,,,,,,,,,,,,,,,,,
,,,,,,,,,,,,,,,,,
,,,,,,,,,,,,,,,,,
,,,,,,,,,,,,,,,,,
,,,,,,,,,,,,,,,,,
,,,,,,,,,,,,,,,,,
,,,,,,,,,,,,,,,,,
,,,,,,,,,,,,,,,,,
,,,,,,,,,,,,,,,,,
,,,,,,,,,,,,,,,,,
,,,,,,,,,,,,,,,,,
,,,,,,,,,,,,,,,,,
,,,,,,,,,,,,,,,,,
,,,,,,,,,,,,,,,,,
,,,,,,,,,,,,,,,,,
,,,,,,,,,,,,,,,,,
,,,,,,,,,,,,,,,,,
,,,,,,,,,,,,,,,,,
,,,,,,,,,,,,,,,,,
,,,,,,,,,,,,,,,,,
,,,,,,,,,,,,,,,,,
,,,,,,,,,,,,,,,,,
,,,,,,,,,,,,,,,,,
,,,,,,,,,,,,,,,,,
,,,,,,,,,,,,,,,,,
,,,,,,,,,,,,,,,,,
,,,,,,,,,,,,,,,,,
,,,,,,,,,,,,,,,,,
,,,,,,,,,,,,,,,,,
,,,,,,,,,,,,,,,,,
,,,,,,,,,,,,,,,,,
,,,,€ 0.00,,,,,,,,,,,,,
,,,,€ 0.00,,,,,,,,,,,,,
,,,,€ 0.00,,,,,,,,,,,,,
,,,,€ 0.00,,,,,,,,,,,,,
,,,,€ 0.00,,,,,,,,,,,,,
,,,,€ 0.00,,,,,,,,,,,,,
,,,,€ 0.00,,,,,,,,,,,,,
,,,,€ 0.00,,,,,,,,,,,,,
,,,,€ 0.00,,,,,,,,,,,,,
,,,,€ 0.00,,,,,,,,,,,,,
,,,,€ 0.00,,,,,,,,,,,,,
,,,,€ 0.00,,,,,,,,,,,,,
,,,,€ 0.00,,,,,,,,,,,,,
,,,,€ 0.00,,,,,,,,,,,,,
,,,,€ 0.00,,,,,,,,,,,,,
,,,,€ 0.00,,,,,,,,,,,,,
,,,,€ 0.00,,,,,,,,,,,,,
,,,,€ 0.00,,,,,,,,,,,,,
,,,,€ 0.00,,,,,,,,,,,,,
,,,,€ 0.00,,,,,,,,,,,,,
,,,,€ 0.00,,,,,,,,,,,,,
,,,,€ 0.00,,,,,,,,,,,,,
,,,,€ 0.00,,,,,,,,,,,,,
,,,,€ 0.00,,,,,,,,,,,,,
,,,,€ 0.00,,,,,,,,,,,,,
,,,,€ 0.00,,,,,,,,,,,,,
,,,,€ 0.00,,,,,,,,,,,,,
,,,,€ 0.00,,,,,,,,,,,,,
,,,,€ 0.00,,,,,,,,,,,,,
,,,,€ 0.00,,,,,,,,,,,,,
,,,,€ 0.00,,,,,,,,,,,,,
,,,,€ 0.00,,,,,,,,,,,,,
,,,,€ 0.00,,,,,,,,,,,,,
,,,,€ 0.00,,,,,,,,,,,,,
,,,,€ 0.00,,,,,,,,,,,,,
,,,,€ 0.00,,,,,,,,,,,,,
,,,,€ 0.00,,,,,,,,,,,,,
,,,,€ 0.00,,,,,,,,,,,,,
,,,,€ 0.00,,,,,,,,,,,,,
,,,,€ 0.00,,,,,,,,,,,,,
,,,,€ 0.00,,,,,,,,,,,,,
,,,,€ 0.00,,,,,,,,,,,,,
,,,,€ 0.00,,,,,,,,,,,,,
,,,,€ 0.00,,,,,,,,,,,,,
,,,,€ 0.00,,,,,,,,,,,,,
,,,,€ 0.00,,,,,,,,,,,,,
,,,,€ 0.00,,,,,,,,,,,,,
,,,,€ 0.00,,,,,,,,,,,,,
,,,,€ 0.00,,,,,,,,,,,,,
,,,,€ 0.00,,,,,,,,,,,,,
,,,,€ 0.00,,,,,,,,,,,,,
,,,,€ 0.00,,,,,,,,,,,,,
,,,,€ 0.00,,,,,,,,,,,,,
,,,,€ 0.00,,,,,,,,,,,,,
,,,,€ 0.00,,,,,,,,,,,,,
,,,,€ 0.00,,,,,,,,,,,,,
,,,,€ 0.00,,,,,,,,,,,,,
,,,,€ 0.00,,,,,,,,,,,,,
,,,,€ 0.00,,,,,,,,,,,,,
,,,,€ 0.00,,,,,,,,,,,,,
,,,,€ 0.00,,,,,,,,,,,,,
,,,,€ 0.00,,,,,,,,,,,,,
,,,,€ 0.00,,,,,,,,,,,,,
,,,,€ 0.00,,,,,,,,,,,,,
,,,,€ 0.00,,,,,,,,,,,,,
,,,,€ 0.00,,,,,,,,,,,,,
,,,,€ 0.00,,,,,,,,,,,,,
,,,,€ 0.00,,,,,,,,,,,,,
,,,,€ 0.00,,,,,,,,,,,,,
,,,,€ 0.00,,,,,,,,,,,,,
,,,,€ 0.00,,,,,,,,,,,,,
,,,,€ 0.00,,,,,,,,,,,,,
,,,,€ 0.00,,,,,,,,,,,,,
,,,,€ 0.00,,,,,,,,,,,,,
,,,,€ 0.00,,,,,,,,,,,,,
,,,,€ 0.00,,,,,,,,,,,,,
,,,,€ 0.00,,,,,,,,,,,,,
,,,,€ 0.00,,,,,,,,,,,,,
,,,,€ 0.00,,,,,,,,,,,,,
,,,,€ 0.00,,,,,,,,,,,,,
,,,,€ 0.00,,,,,,,,,,,,,
,,,,€ 0.00,,,,,,,,,,,,,
,,,,€ 0.00,,,,,,,,,,,,,
,,,,€ 0.00,,,,,,,,,,,,,
,,,,€ 0.00,,,,,,,,,,,,,
,,,,€ 0.00,,,,,,,,,,,,,
,,,,€ 0.00,,,,,,,,,,,,,
,,,,€ 0.00,,,,,,,,,,,,,
,,,,€ 0.00,,,,,,,,,,,,,
,,,,€ 0.00,,,,,,,,,,,,,
,,,,€ 0.00,,,,,,,,,,,,,
,,,,€ 0.00,,,,,,,,,,,,,
,,,,€ 0.00,,,,,,,,,,,,,
,,,,€ 0.00,,,,,,,,,,,,,
,,,,€ 0.00,,,,,,,,,,,,,
,,,,€ 0.00,,,,,,,,,,,,,
,,,,€ 0.00,,,,,,,,,,,,,
,,,,€ 0.00,,,,,,,,,,,,,
,,,,€ 0.00,,,,,,,,,,,,,
,,,,€ 0.00,,,,,,,,,,,,,
,,,,€ 0.00,,,,,,,,,,,,,
,,,,€ 0.00,,,,,,,,,,,,,
,,,,€ 0.00,,,,,,,,,,,,,
,,,,€ 0.00,,,,,,,,,,,,,
,,,,€ 0.00,,,,,,,,,,,,,
,,,,€ 0.00,,,,,,,,,,,,,
,,,,€ 0.00,,,,,,,,,,,,,
,,,,€ 0.00,,,,,,,,,,,,,
,,,,€ 0.00,,,,,,,,,,,,,
,,,,€ 0.00,,,,,,,,,,,,,
,,,,€ 0.00,,,,,,,,,,,,,
,,,,€ 0.00,,,,,,,,,,,,,
